image,depth
data/images/00000001.jpg,data/depths/00000001.png
data/images/00000002.jpg,data/depths/00000002.png
data/images/00000003.jpg,data/depths/00000003.png
data/images/00000004.jpg,data/depths/00000004.png
data/images/00000005.jpg,data/depths/00000005.png
data/images/00000006.jpg,data/depths/00000006.png
data/images/00000007.jpg,data/depths/00000007.png
data/images/00000008.jpg,data/depths/00000008.png
data/images/00000009.jpg,data/depths/00000009.png
data/images/00000010.jpg,data/depths/00000010.png
data/images/00000011.jpg,data/depths/00000011.png
data/images/00000012.jpg,data/depths/00000012.png
data/images/00000013.jpg,data/depths/00000013.png
data/images/00000014.jpg,data/depths/00000014.png
data/images/00000015.jpg,data/depths/00000015.png
data/images/00000016.jpg,data/depths/00000016.png
data/images/00000017.jpg,data/depths/00000017.png
data/images/00000018.jpg,data/depths/00000018.png
data/images/00000019.jpg,data/depths/00000019.png
data/images/00000020.jpg,data/depths/00000020.png
data/images/00000021.jpg,data/depths/00000021.png
data/images/00000022.jpg,data/depths/00000022.png
data/images/00000023.jpg,data/depths/00000023.png
data/images/00000024.jpg,data/depths/00000024.png
data/images/00000025.jpg,data/depths/00000025.png
data/images/00000026.jpg,data/depths/00000026.png
data/images/00000027.jpg,data/depths/00000027.png
data/images/00000028.jpg,data/depths/00000028.png
data/images/00000029.jpg,data/depths/00000029.png
data/images/00000030.jpg,data/depths/00000030.png
data/images/00000031.jpg,data/depths/00000031.png
data/images/00000032.jpg,data/depths/00000032.png
data/images/00000033.jpg,data/depths/00000033.png
data/images/00000034.jpg,data/depths/00000034.png
data/images/00000035.jpg,data/depths/00000035.png
data/images/00000036.jpg,data/depths/00000036.png
data/images/00000037.jpg,data/depths/00000037.png
data/images/00000038.jpg,data/depths/00000038.png
data/images/00000039.jpg,data/depths/00000039.png
data/images/00000040.jpg,data/depths/00000040.png
data/images/00000041.jpg,data/depths/00000041.png
data/images/00000042.jpg,data/depths/00000042.png
data/images/00000043.jpg,data/depths/00000043.png
data/images/00000044.jpg,data/depths/00000044.png
data/images/00000045.jpg,data/depths/00000045.png
data/images/00000046.jpg,data/depths/00000046.png
data/images/00000047.jpg,data/depths/00000047.png
data/images/00000048.jpg,data/depths/00000048.png
data/images/00000049.jpg,data/depths/00000049.png
data/images/00000050.jpg,data/depths/00000050.png
data/images/00000051.jpg,data/depths/00000051.png
data/images/00000052.jpg,data/depths/00000052.png
data/images/00000053.jpg,data/depths/00000053.png
data/images/00000054.jpg,data/depths/00000054.png
data/images/00000055.jpg,data/depths/00000055.png
data/images/00000056.jpg,data/depths/00000056.png
data/images/00000057.jpg,data/depths/00000057.png
data/images/00000058.jpg,data/depths/00000058.png
data/images/00000059.jpg,data/depths/00000059.png
data/images/00000060.jpg,data/depths/00000060.png
data/images/00000061.jpg,data/depths/00000061.png
data/images/00000062.jpg,data/depths/00000062.png
data/images/00000063.jpg,data/depths/00000063.png
data/images/00000064.jpg,data/depths/00000064.png
data/images/00000065.jpg,data/depths/00000065.png
data/images/00000066.jpg,data/depths/00000066.png
data/images/00000067.jpg,data/depths/00000067.png
data/images/00000068.jpg,data/depths/00000068.png
data/images/00000069.jpg,data/depths/00000069.png
data/images/00000070.jpg,data/depths/00000070.png
data/images/00000071.jpg,data/depths/00000071.png
data/images/00000072.jpg,data/depths/00000072.png
data/images/00000073.jpg,data/depths/00000073.png
data/images/00000074.jpg,data/depths/00000074.png
data/images/00000075.jpg,data/depths/00000075.png
data/images/00000076.jpg,data/depths/00000076.png
data/images/00000077.jpg,data/depths/00000077.png
data/images/00000078.jpg,data/depths/00000078.png
data/images/00000079.jpg,data/depths/00000079.png
data/images/00000080.jpg,data/depths/00000080.png
data/images/00000081.jpg,data/depths/00000081.png
data/images/00000082.jpg,data/depths/00000082.png
data/images/00000083.jpg,data/depths/00000083.png
data/images/00000084.jpg,data/depths/00000084.png
data/images/00000085.jpg,data/depths/00000085.png
data/images/00000086.jpg,data/depths/00000086.png
data/images/00000087.jpg,data/depths/00000087.png
data/images/00000088.jpg,data/depths/00000088.png
data/images/00000089.jpg,data/depths/00000089.png
data/images/00000090.jpg,data/depths/00000090.png
data/images/00000091.jpg,data/depths/00000091.png
data/images/00000092.jpg,data/depths/00000092.png
data/images/00000093.jpg,data/depths/00000093.png
data/images/00000094.jpg,data/depths/00000094.png
data/images/00000095.jpg,data/depths/00000095.png
data/images/00000096.jpg,data/depths/00000096.png
data/images/00000097.jpg,data/depths/00000097.png
data/images/00000098.jpg,data/depths/00000098.png
data/images/00000099.jpg,data/depths/00000099.png
data/images/00000100.jpg,data/depths/00000100.png
data/images/00000101.jpg,data/depths/00000101.png
data/images/00000102.jpg,data/depths/00000102.png
data/images/00000103.jpg,data/depths/00000103.png
data/images/00000104.jpg,data/depths/00000104.png
data/images/00000105.jpg,data/depths/00000105.png
data/images/00000106.jpg,data/depths/00000106.png
data/images/00000107.jpg,data/depths/00000107.png
data/images/00000108.jpg,data/depths/00000108.png
data/images/00000109.jpg,data/depths/00000109.png
data/images/00000110.jpg,data/depths/00000110.png
data/images/00000111.jpg,data/depths/00000111.png
data/images/00000112.jpg,data/depths/00000112.png
data/images/00000113.jpg,data/depths/00000113.png
data/images/00000114.jpg,data/depths/00000114.png
data/images/00000115.jpg,data/depths/00000115.png
data/images/00000116.jpg,data/depths/00000116.png
data/images/00000117.jpg,data/depths/00000117.png
data/images/00000118.jpg,data/depths/00000118.png
data/images/00000119.jpg,data/depths/00000119.png
data/images/00000120.jpg,data/depths/00000120.png
data/images/00000121.jpg,data/depths/00000121.png
data/images/00000122.jpg,data/depths/00000122.png
data/images/00000123.jpg,data/depths/00000123.png
data/images/00000124.jpg,data/depths/00000124.png
data/images/00000125.jpg,data/depths/00000125.png
data/images/00000126.jpg,data/depths/00000126.png
data/images/00000127.jpg,data/depths/00000127.png
data/images/00000128.jpg,data/depths/00000128.png
data/images/00000129.jpg,data/depths/00000129.png
data/images/00000130.jpg,data/depths/00000130.png
data/images/00000131.jpg,data/depths/00000131.png
data/images/00000132.jpg,data/depths/00000132.png
data/images/00000133.jpg,data/depths/00000133.png
data/images/00000134.jpg,data/depths/00000134.png
data/images/00000135.jpg,data/depths/00000135.png
data/images/00000136.jpg,data/depths/00000136.png
data/images/00000137.jpg,data/depths/00000137.png
data/images/00000138.jpg,data/depths/00000138.png
data/images/00000139.jpg,data/depths/00000139.png
data/images/00000140.jpg,data/depths/00000140.png
data/images/00000141.jpg,data/depths/00000141.png
data/images/00000142.jpg,data/depths/00000142.png
data/images/00000143.jpg,data/depths/00000143.png
data/images/00000144.jpg,data/depths/00000144.png
data/images/00000145.jpg,data/depths/00000145.png
data/images/00000146.jpg,data/depths/00000146.png
data/images/00000147.jpg,data/depths/00000147.png
data/images/00000148.jpg,data/depths/00000148.png
data/images/00000149.jpg,data/depths/00000149.png
data/images/00000150.jpg,data/depths/00000150.png
data/images/00000151.jpg,data/depths/00000151.png
data/images/00000152.jpg,data/depths/00000152.png
data/images/00000153.jpg,data/depths/00000153.png
data/images/00000154.jpg,data/depths/00000154.png
data/images/00000155.jpg,data/depths/00000155.png
data/images/00000156.jpg,data/depths/00000156.png
data/images/00000157.jpg,data/depths/00000157.png
data/images/00000158.jpg,data/depths/00000158.png
data/images/00000159.jpg,data/depths/00000159.png
data/images/00000160.jpg,data/depths/00000160.png
data/images/00000161.jpg,data/depths/00000161.png
data/images/00000162.jpg,data/depths/00000162.png
data/images/00000163.jpg,data/depths/00000163.png
data/images/00000164.jpg,data/depths/00000164.png
data/images/00000165.jpg,data/depths/00000165.png
data/images/00000166.jpg,data/depths/00000166.png
data/images/00000167.jpg,data/depths/00000167.png
data/images/00000168.jpg,data/depths/00000168.png
data/images/00000169.jpg,data/depths/00000169.png
data/images/00000170.jpg,data/depths/00000170.png
data/images/00000171.jpg,data/depths/00000171.png
data/images/00000172.jpg,data/depths/00000172.png
data/images/00000173.jpg,data/depths/00000173.png
data/images/00000174.jpg,data/depths/00000174.png
data/images/00000175.jpg,data/depths/00000175.png
data/images/00000176.jpg,data/depths/00000176.png
data/images/00000177.jpg,data/depths/00000177.png
data/images/00000178.jpg,data/depths/00000178.png
data/images/00000179.jpg,data/depths/00000179.png
data/images/00000180.jpg,data/depths/00000180.png
data/images/00000181.jpg,data/depths/00000181.png
data/images/00000182.jpg,data/depths/00000182.png
data/images/00000183.jpg,data/depths/00000183.png
data/images/00000184.jpg,data/depths/00000184.png
data/images/00000185.jpg,data/depths/00000185.png
data/images/00000186.jpg,data/depths/00000186.png
data/images/00000187.jpg,data/depths/00000187.png
data/images/00000188.jpg,data/depths/00000188.png
data/images/00000189.jpg,data/depths/00000189.png
data/images/00000190.jpg,data/depths/00000190.png
data/images/00000191.jpg,data/depths/00000191.png
data/images/00000192.jpg,data/depths/00000192.png
data/images/00000193.jpg,data/depths/00000193.png
data/images/00000194.jpg,data/depths/00000194.png
data/images/00000195.jpg,data/depths/00000195.png
data/images/00000196.jpg,data/depths/00000196.png
data/images/00000197.jpg,data/depths/00000197.png
data/images/00000198.jpg,data/depths/00000198.png
data/images/00000199.jpg,data/depths/00000199.png
data/images/00000200.jpg,data/depths/00000200.png
data/images/00000201.jpg,data/depths/00000201.png
data/images/00000202.jpg,data/depths/00000202.png
data/images/00000203.jpg,data/depths/00000203.png
data/images/00000204.jpg,data/depths/00000204.png
data/images/00000205.jpg,data/depths/00000205.png
data/images/00000206.jpg,data/depths/00000206.png
data/images/00000207.jpg,data/depths/00000207.png
data/images/00000208.jpg,data/depths/00000208.png
data/images/00000209.jpg,data/depths/00000209.png
data/images/00000210.jpg,data/depths/00000210.png
data/images/00000211.jpg,data/depths/00000211.png
data/images/00000212.jpg,data/depths/00000212.png
data/images/00000213.jpg,data/depths/00000213.png
data/images/00000214.jpg,data/depths/00000214.png
data/images/00000215.jpg,data/depths/00000215.png
data/images/00000216.jpg,data/depths/00000216.png
data/images/00000217.jpg,data/depths/00000217.png
data/images/00000218.jpg,data/depths/00000218.png
data/images/00000219.jpg,data/depths/00000219.png
data/images/00000220.jpg,data/depths/00000220.png
data/images/00000221.jpg,data/depths/00000221.png
data/images/00000222.jpg,data/depths/00000222.png
data/images/00000223.jpg,data/depths/00000223.png
data/images/00000224.jpg,data/depths/00000224.png
data/images/00000225.jpg,data/depths/00000225.png
data/images/00000226.jpg,data/depths/00000226.png
data/images/00000227.jpg,data/depths/00000227.png
data/images/00000228.jpg,data/depths/00000228.png
data/images/00000229.jpg,data/depths/00000229.png
data/images/00000230.jpg,data/depths/00000230.png
data/images/00000231.jpg,data/depths/00000231.png
data/images/00000232.jpg,data/depths/00000232.png
data/images/00000233.jpg,data/depths/00000233.png
data/images/00000234.jpg,data/depths/00000234.png
data/images/00000235.jpg,data/depths/00000235.png
data/images/00000236.jpg,data/depths/00000236.png
data/images/00000237.jpg,data/depths/00000237.png
data/images/00000238.jpg,data/depths/00000238.png
data/images/00000239.jpg,data/depths/00000239.png
data/images/00000240.jpg,data/depths/00000240.png
data/images/00000241.jpg,data/depths/00000241.png
data/images/00000242.jpg,data/depths/00000242.png
data/images/00000243.jpg,data/depths/00000243.png
data/images/00000244.jpg,data/depths/00000244.png
data/images/00000245.jpg,data/depths/00000245.png
data/images/00000246.jpg,data/depths/00000246.png
data/images/00000247.jpg,data/depths/00000247.png
data/images/00000248.jpg,data/depths/00000248.png
data/images/00000249.jpg,data/depths/00000249.png
data/images/00000250.jpg,data/depths/00000250.png
data/images/00000251.jpg,data/depths/00000251.png
data/images/00000252.jpg,data/depths/00000252.png
data/images/00000253.jpg,data/depths/00000253.png
data/images/00000254.jpg,data/depths/00000254.png
data/images/00000255.jpg,data/depths/00000255.png
data/images/00000256.jpg,data/depths/00000256.png
data/images/00000257.jpg,data/depths/00000257.png
data/images/00000258.jpg,data/depths/00000258.png
data/images/00000259.jpg,data/depths/00000259.png
data/images/00000260.jpg,data/depths/00000260.png
data/images/00000261.jpg,data/depths/00000261.png
data/images/00000262.jpg,data/depths/00000262.png
data/images/00000263.jpg,data/depths/00000263.png
data/images/00000264.jpg,data/depths/00000264.png
data/images/00000265.jpg,data/depths/00000265.png
data/images/00000266.jpg,data/depths/00000266.png
data/images/00000267.jpg,data/depths/00000267.png
data/images/00000268.jpg,data/depths/00000268.png
data/images/00000269.jpg,data/depths/00000269.png
data/images/00000270.jpg,data/depths/00000270.png
data/images/00000271.jpg,data/depths/00000271.png
data/images/00000272.jpg,data/depths/00000272.png
data/images/00000273.jpg,data/depths/00000273.png
data/images/00000274.jpg,data/depths/00000274.png
data/images/00000275.jpg,data/depths/00000275.png
data/images/00000276.jpg,data/depths/00000276.png
data/images/00000277.jpg,data/depths/00000277.png
data/images/00000278.jpg,data/depths/00000278.png
data/images/00000279.jpg,data/depths/00000279.png
data/images/00000280.jpg,data/depths/00000280.png
data/images/00000281.jpg,data/depths/00000281.png
data/images/00000282.jpg,data/depths/00000282.png
data/images/00000283.jpg,data/depths/00000283.png
data/images/00000284.jpg,data/depths/00000284.png
data/images/00000285.jpg,data/depths/00000285.png
data/images/00000286.jpg,data/depths/00000286.png
data/images/00000287.jpg,data/depths/00000287.png
data/images/00000288.jpg,data/depths/00000288.png
data/images/00000289.jpg,data/depths/00000289.png
data/images/00000290.jpg,data/depths/00000290.png
data/images/00000291.jpg,data/depths/00000291.png
data/images/00000292.jpg,data/depths/00000292.png
data/images/00000293.jpg,data/depths/00000293.png
data/images/00000294.jpg,data/depths/00000294.png
data/images/00000295.jpg,data/depths/00000295.png
data/images/00000296.jpg,data/depths/00000296.png
data/images/00000297.jpg,data/depths/00000297.png
data/images/00000298.jpg,data/depths/00000298.png
data/images/00000299.jpg,data/depths/00000299.png
data/images/00000300.jpg,data/depths/00000300.png
data/images/00000301.jpg,data/depths/00000301.png
data/images/00000302.jpg,data/depths/00000302.png
data/images/00000303.jpg,data/depths/00000303.png
data/images/00000304.jpg,data/depths/00000304.png
data/images/00000305.jpg,data/depths/00000305.png
data/images/00000306.jpg,data/depths/00000306.png
data/images/00000307.jpg,data/depths/00000307.png
data/images/00000308.jpg,data/depths/00000308.png
data/images/00000309.jpg,data/depths/00000309.png
data/images/00000310.jpg,data/depths/00000310.png
data/images/00000311.jpg,data/depths/00000311.png
data/images/00000312.jpg,data/depths/00000312.png
data/images/00000313.jpg,data/depths/00000313.png
data/images/00000314.jpg,data/depths/00000314.png
data/images/00000315.jpg,data/depths/00000315.png
data/images/00000316.jpg,data/depths/00000316.png
data/images/00000317.jpg,data/depths/00000317.png
data/images/00000318.jpg,data/depths/00000318.png
data/images/00000319.jpg,data/depths/00000319.png
data/images/00000320.jpg,data/depths/00000320.png
data/images/00000321.jpg,data/depths/00000321.png
data/images/00000322.jpg,data/depths/00000322.png
data/images/00000323.jpg,data/depths/00000323.png
data/images/00000324.jpg,data/depths/00000324.png
data/images/00000325.jpg,data/depths/00000325.png
data/images/00000326.jpg,data/depths/00000326.png
data/images/00000327.jpg,data/depths/00000327.png
data/images/00000328.jpg,data/depths/00000328.png
data/images/00000329.jpg,data/depths/00000329.png
data/images/00000330.jpg,data/depths/00000330.png
data/images/00000331.jpg,data/depths/00000331.png
data/images/00000332.jpg,data/depths/00000332.png
data/images/00000333.jpg,data/depths/00000333.png
data/images/00000334.jpg,data/depths/00000334.png
data/images/00000335.jpg,data/depths/00000335.png
data/images/00000336.jpg,data/depths/00000336.png
data/images/00000337.jpg,data/depths/00000337.png
data/images/00000338.jpg,data/depths/00000338.png
data/images/00000339.jpg,data/depths/00000339.png
data/images/00000340.jpg,data/depths/00000340.png
data/images/00000341.jpg,data/depths/00000341.png
data/images/00000342.jpg,data/depths/00000342.png
data/images/00000343.jpg,data/depths/00000343.png
data/images/00000344.jpg,data/depths/00000344.png
data/images/00000345.jpg,data/depths/00000345.png
data/images/00000346.jpg,data/depths/00000346.png
data/images/00000347.jpg,data/depths/00000347.png
data/images/00000348.jpg,data/depths/00000348.png
data/images/00000349.jpg,data/depths/00000349.png
data/images/00000350.jpg,data/depths/00000350.png
data/images/00000351.jpg,data/depths/00000351.png
data/images/00000352.jpg,data/depths/00000352.png
data/images/00000353.jpg,data/depths/00000353.png
data/images/00000354.jpg,data/depths/00000354.png
data/images/00000355.jpg,data/depths/00000355.png
data/images/00000356.jpg,data/depths/00000356.png
data/images/00000357.jpg,data/depths/00000357.png
data/images/00000358.jpg,data/depths/00000358.png
data/images/00000359.jpg,data/depths/00000359.png
data/images/00000360.jpg,data/depths/00000360.png
data/images/00000361.jpg,data/depths/00000361.png
data/images/00000362.jpg,data/depths/00000362.png
data/images/00000363.jpg,data/depths/00000363.png
data/images/00000364.jpg,data/depths/00000364.png
data/images/00000365.jpg,data/depths/00000365.png
data/images/00000366.jpg,data/depths/00000366.png
data/images/00000367.jpg,data/depths/00000367.png
data/images/00000368.jpg,data/depths/00000368.png
data/images/00000369.jpg,data/depths/00000369.png
data/images/00000370.jpg,data/depths/00000370.png
data/images/00000371.jpg,data/depths/00000371.png
data/images/00000372.jpg,data/depths/00000372.png
data/images/00000373.jpg,data/depths/00000373.png
data/images/00000374.jpg,data/depths/00000374.png
data/images/00000375.jpg,data/depths/00000375.png
data/images/00000376.jpg,data/depths/00000376.png
data/images/00000377.jpg,data/depths/00000377.png
data/images/00000378.jpg,data/depths/00000378.png
data/images/00000379.jpg,data/depths/00000379.png
data/images/00000380.jpg,data/depths/00000380.png
data/images/00000381.jpg,data/depths/00000381.png
data/images/00000382.jpg,data/depths/00000382.png
data/images/00000383.jpg,data/depths/00000383.png
data/images/00000384.jpg,data/depths/00000384.png
data/images/00000385.jpg,data/depths/00000385.png
data/images/00000386.jpg,data/depths/00000386.png
data/images/00000387.jpg,data/depths/00000387.png
data/images/00000388.jpg,data/depths/00000388.png
data/images/00000389.jpg,data/depths/00000389.png
data/images/00000390.jpg,data/depths/00000390.png
data/images/00000391.jpg,data/depths/00000391.png
data/images/00000392.jpg,data/depths/00000392.png
data/images/00000393.jpg,data/depths/00000393.png
data/images/00000394.jpg,data/depths/00000394.png
data/images/00000395.jpg,data/depths/00000395.png
data/images/00000396.jpg,data/depths/00000396.png
data/images/00000397.jpg,data/depths/00000397.png
data/images/00000398.jpg,data/depths/00000398.png
data/images/00000399.jpg,data/depths/00000399.png
data/images/00000400.jpg,data/depths/00000400.png
data/images/00000401.jpg,data/depths/00000401.png
data/images/00000402.jpg,data/depths/00000402.png
data/images/00000403.jpg,data/depths/00000403.png
data/images/00000404.jpg,data/depths/00000404.png
data/images/00000405.jpg,data/depths/00000405.png
data/images/00000406.jpg,data/depths/00000406.png
data/images/00000407.jpg,data/depths/00000407.png
data/images/00000408.jpg,data/depths/00000408.png
data/images/00000409.jpg,data/depths/00000409.png
data/images/00000410.jpg,data/depths/00000410.png
data/images/00000411.jpg,data/depths/00000411.png
data/images/00000412.jpg,data/depths/00000412.png
data/images/00000413.jpg,data/depths/00000413.png
data/images/00000414.jpg,data/depths/00000414.png
data/images/00000415.jpg,data/depths/00000415.png
data/images/00000416.jpg,data/depths/00000416.png
data/images/00000417.jpg,data/depths/00000417.png
data/images/00000418.jpg,data/depths/00000418.png
data/images/00000419.jpg,data/depths/00000419.png
data/images/00000420.jpg,data/depths/00000420.png
data/images/00000421.jpg,data/depths/00000421.png
data/images/00000422.jpg,data/depths/00000422.png
data/images/00000423.jpg,data/depths/00000423.png
data/images/00000424.jpg,data/depths/00000424.png
data/images/00000425.jpg,data/depths/00000425.png
data/images/00000426.jpg,data/depths/00000426.png
data/images/00000427.jpg,data/depths/00000427.png
data/images/00000428.jpg,data/depths/00000428.png
data/images/00000429.jpg,data/depths/00000429.png
data/images/00000430.jpg,data/depths/00000430.png
data/images/00000431.jpg,data/depths/00000431.png
data/images/00000432.jpg,data/depths/00000432.png
data/images/00000433.jpg,data/depths/00000433.png
data/images/00000434.jpg,data/depths/00000434.png
data/images/00000435.jpg,data/depths/00000435.png
data/images/00000436.jpg,data/depths/00000436.png
data/images/00000437.jpg,data/depths/00000437.png
data/images/00000438.jpg,data/depths/00000438.png
data/images/00000439.jpg,data/depths/00000439.png
data/images/00000440.jpg,data/depths/00000440.png
data/images/00000441.jpg,data/depths/00000441.png
data/images/00000442.jpg,data/depths/00000442.png
data/images/00000443.jpg,data/depths/00000443.png
data/images/00000444.jpg,data/depths/00000444.png
data/images/00000445.jpg,data/depths/00000445.png
data/images/00000446.jpg,data/depths/00000446.png
data/images/00000447.jpg,data/depths/00000447.png
data/images/00000448.jpg,data/depths/00000448.png
data/images/00000449.jpg,data/depths/00000449.png
data/images/00000450.jpg,data/depths/00000450.png
data/images/00000451.jpg,data/depths/00000451.png
data/images/00000452.jpg,data/depths/00000452.png
data/images/00000453.jpg,data/depths/00000453.png
data/images/00000454.jpg,data/depths/00000454.png
data/images/00000455.jpg,data/depths/00000455.png
data/images/00000456.jpg,data/depths/00000456.png
data/images/00000457.jpg,data/depths/00000457.png
data/images/00000458.jpg,data/depths/00000458.png
data/images/00000459.jpg,data/depths/00000459.png
data/images/00000460.jpg,data/depths/00000460.png
data/images/00000461.jpg,data/depths/00000461.png
data/images/00000462.jpg,data/depths/00000462.png
data/images/00000463.jpg,data/depths/00000463.png
data/images/00000464.jpg,data/depths/00000464.png
data/images/00000465.jpg,data/depths/00000465.png
data/images/00000466.jpg,data/depths/00000466.png
data/images/00000467.jpg,data/depths/00000467.png
data/images/00000468.jpg,data/depths/00000468.png
data/images/00000469.jpg,data/depths/00000469.png
data/images/00000470.jpg,data/depths/00000470.png
data/images/00000471.jpg,data/depths/00000471.png
data/images/00000472.jpg,data/depths/00000472.png
data/images/00000473.jpg,data/depths/00000473.png
data/images/00000474.jpg,data/depths/00000474.png
data/images/00000475.jpg,data/depths/00000475.png
data/images/00000476.jpg,data/depths/00000476.png
data/images/00000477.jpg,data/depths/00000477.png
data/images/00000478.jpg,data/depths/00000478.png
data/images/00000479.jpg,data/depths/00000479.png
data/images/00000480.jpg,data/depths/00000480.png
data/images/00000481.jpg,data/depths/00000481.png
data/images/00000482.jpg,data/depths/00000482.png
data/images/00000483.jpg,data/depths/00000483.png
data/images/00000484.jpg,data/depths/00000484.png
data/images/00000485.jpg,data/depths/00000485.png
data/images/00000486.jpg,data/depths/00000486.png
data/images/00000487.jpg,data/depths/00000487.png
data/images/00000488.jpg,data/depths/00000488.png
data/images/00000489.jpg,data/depths/00000489.png
data/images/00000490.jpg,data/depths/00000490.png
data/images/00000491.jpg,data/depths/00000491.png
data/images/00000492.jpg,data/depths/00000492.png
data/images/00000493.jpg,data/depths/00000493.png
data/images/00000494.jpg,data/depths/00000494.png
data/images/00000495.jpg,data/depths/00000495.png
data/images/00000496.jpg,data/depths/00000496.png
data/images/00000497.jpg,data/depths/00000497.png
data/images/00000498.jpg,data/depths/00000498.png
data/images/00000499.jpg,data/depths/00000499.png
data/images/00000500.jpg,data/depths/00000500.png
data/images/00000501.jpg,data/depths/00000501.png
data/images/00000502.jpg,data/depths/00000502.png
data/images/00000503.jpg,data/depths/00000503.png
data/images/00000504.jpg,data/depths/00000504.png
data/images/00000505.jpg,data/depths/00000505.png
data/images/00000506.jpg,data/depths/00000506.png
data/images/00000507.jpg,data/depths/00000507.png
data/images/00000508.jpg,data/depths/00000508.png
data/images/00000509.jpg,data/depths/00000509.png
data/images/00000510.jpg,data/depths/00000510.png
data/images/00000511.jpg,data/depths/00000511.png
data/images/00000512.jpg,data/depths/00000512.png
data/images/00000513.jpg,data/depths/00000513.png
data/images/00000514.jpg,data/depths/00000514.png
data/images/00000515.jpg,data/depths/00000515.png
data/images/00000516.jpg,data/depths/00000516.png
data/images/00000517.jpg,data/depths/00000517.png
data/images/00000518.jpg,data/depths/00000518.png
data/images/00000519.jpg,data/depths/00000519.png
data/images/00000520.jpg,data/depths/00000520.png
data/images/00000521.jpg,data/depths/00000521.png
data/images/00000522.jpg,data/depths/00000522.png
data/images/00000523.jpg,data/depths/00000523.png
data/images/00000524.jpg,data/depths/00000524.png
data/images/00000525.jpg,data/depths/00000525.png
data/images/00000526.jpg,data/depths/00000526.png
data/images/00000527.jpg,data/depths/00000527.png
data/images/00000528.jpg,data/depths/00000528.png
data/images/00000529.jpg,data/depths/00000529.png
data/images/00000530.jpg,data/depths/00000530.png
data/images/00000531.jpg,data/depths/00000531.png
data/images/00000532.jpg,data/depths/00000532.png
data/images/00000533.jpg,data/depths/00000533.png
data/images/00000534.jpg,data/depths/00000534.png
data/images/00000535.jpg,data/depths/00000535.png
data/images/00000536.jpg,data/depths/00000536.png
data/images/00000537.jpg,data/depths/00000537.png
data/images/00000538.jpg,data/depths/00000538.png
data/images/00000539.jpg,data/depths/00000539.png
data/images/00000540.jpg,data/depths/00000540.png
data/images/00000541.jpg,data/depths/00000541.png
data/images/00000542.jpg,data/depths/00000542.png
data/images/00000543.jpg,data/depths/00000543.png
data/images/00000544.jpg,data/depths/00000544.png
data/images/00000545.jpg,data/depths/00000545.png
data/images/00000546.jpg,data/depths/00000546.png
data/images/00000547.jpg,data/depths/00000547.png
data/images/00000548.jpg,data/depths/00000548.png
data/images/00000549.jpg,data/depths/00000549.png
data/images/00000550.jpg,data/depths/00000550.png
data/images/00000551.jpg,data/depths/00000551.png
data/images/00000552.jpg,data/depths/00000552.png
data/images/00000553.jpg,data/depths/00000553.png
data/images/00000554.jpg,data/depths/00000554.png
data/images/00000555.jpg,data/depths/00000555.png
data/images/00000556.jpg,data/depths/00000556.png
data/images/00000557.jpg,data/depths/00000557.png
data/images/00000558.jpg,data/depths/00000558.png
data/images/00000559.jpg,data/depths/00000559.png
data/images/00000560.jpg,data/depths/00000560.png
data/images/00000561.jpg,data/depths/00000561.png
data/images/00000562.jpg,data/depths/00000562.png
data/images/00000563.jpg,data/depths/00000563.png
data/images/00000564.jpg,data/depths/00000564.png
data/images/00000565.jpg,data/depths/00000565.png
data/images/00000566.jpg,data/depths/00000566.png
data/images/00000567.jpg,data/depths/00000567.png
data/images/00000568.jpg,data/depths/00000568.png
data/images/00000569.jpg,data/depths/00000569.png
data/images/00000570.jpg,data/depths/00000570.png
data/images/00000571.jpg,data/depths/00000571.png
data/images/00000572.jpg,data/depths/00000572.png
data/images/00000573.jpg,data/depths/00000573.png
data/images/00000574.jpg,data/depths/00000574.png
data/images/00000575.jpg,data/depths/00000575.png
data/images/00000576.jpg,data/depths/00000576.png
data/images/00000577.jpg,data/depths/00000577.png
data/images/00000578.jpg,data/depths/00000578.png
data/images/00000579.jpg,data/depths/00000579.png
data/images/00000580.jpg,data/depths/00000580.png
data/images/00000581.jpg,data/depths/00000581.png
data/images/00000582.jpg,data/depths/00000582.png
data/images/00000583.jpg,data/depths/00000583.png
data/images/00000584.jpg,data/depths/00000584.png
data/images/00000585.jpg,data/depths/00000585.png
data/images/00000586.jpg,data/depths/00000586.png
data/images/00000587.jpg,data/depths/00000587.png
data/images/00000588.jpg,data/depths/00000588.png
data/images/00000589.jpg,data/depths/00000589.png
data/images/00000590.jpg,data/depths/00000590.png
data/images/00000591.jpg,data/depths/00000591.png
data/images/00000592.jpg,data/depths/00000592.png
data/images/00000593.jpg,data/depths/00000593.png
data/images/00000594.jpg,data/depths/00000594.png
data/images/00000595.jpg,data/depths/00000595.png
data/images/00000596.jpg,data/depths/00000596.png
data/images/00000597.jpg,data/depths/00000597.png
data/images/00000598.jpg,data/depths/00000598.png
data/images/00000599.jpg,data/depths/00000599.png
data/images/00000600.jpg,data/depths/00000600.png
data/images/00000601.jpg,data/depths/00000601.png
data/images/00000602.jpg,data/depths/00000602.png
data/images/00000603.jpg,data/depths/00000603.png
data/images/00000604.jpg,data/depths/00000604.png
data/images/00000605.jpg,data/depths/00000605.png
data/images/00000606.jpg,data/depths/00000606.png
data/images/00000607.jpg,data/depths/00000607.png
data/images/00000608.jpg,data/depths/00000608.png
data/images/00000609.jpg,data/depths/00000609.png
data/images/00000610.jpg,data/depths/00000610.png
data/images/00000611.jpg,data/depths/00000611.png
data/images/00000612.jpg,data/depths/00000612.png
data/images/00000613.jpg,data/depths/00000613.png
data/images/00000614.jpg,data/depths/00000614.png
data/images/00000615.jpg,data/depths/00000615.png
data/images/00000616.jpg,data/depths/00000616.png
data/images/00000617.jpg,data/depths/00000617.png
data/images/00000618.jpg,data/depths/00000618.png
data/images/00000619.jpg,data/depths/00000619.png
data/images/00000620.jpg,data/depths/00000620.png
data/images/00000621.jpg,data/depths/00000621.png
data/images/00000622.jpg,data/depths/00000622.png
data/images/00000623.jpg,data/depths/00000623.png
data/images/00000624.jpg,data/depths/00000624.png
data/images/00000625.jpg,data/depths/00000625.png
data/images/00000626.jpg,data/depths/00000626.png
data/images/00000627.jpg,data/depths/00000627.png
data/images/00000628.jpg,data/depths/00000628.png
data/images/00000629.jpg,data/depths/00000629.png
data/images/00000630.jpg,data/depths/00000630.png
data/images/00000631.jpg,data/depths/00000631.png
data/images/00000632.jpg,data/depths/00000632.png
data/images/00000633.jpg,data/depths/00000633.png
data/images/00000634.jpg,data/depths/00000634.png
data/images/00000635.jpg,data/depths/00000635.png
data/images/00000636.jpg,data/depths/00000636.png
data/images/00000637.jpg,data/depths/00000637.png
data/images/00000638.jpg,data/depths/00000638.png
data/images/00000639.jpg,data/depths/00000639.png
data/images/00000640.jpg,data/depths/00000640.png
data/images/00000641.jpg,data/depths/00000641.png
data/images/00000642.jpg,data/depths/00000642.png
data/images/00000643.jpg,data/depths/00000643.png
data/images/00000644.jpg,data/depths/00000644.png
data/images/00000645.jpg,data/depths/00000645.png
data/images/00000646.jpg,data/depths/00000646.png
data/images/00000647.jpg,data/depths/00000647.png
data/images/00000648.jpg,data/depths/00000648.png
data/images/00000649.jpg,data/depths/00000649.png
data/images/00000650.jpg,data/depths/00000650.png
data/images/00000651.jpg,data/depths/00000651.png
data/images/00000652.jpg,data/depths/00000652.png
data/images/00000653.jpg,data/depths/00000653.png
data/images/00000654.jpg,data/depths/00000654.png
data/images/00000655.jpg,data/depths/00000655.png
data/images/00000656.jpg,data/depths/00000656.png
data/images/00000657.jpg,data/depths/00000657.png
data/images/00000658.jpg,data/depths/00000658.png
data/images/00000659.jpg,data/depths/00000659.png
data/images/00000660.jpg,data/depths/00000660.png
data/images/00000661.jpg,data/depths/00000661.png
data/images/00000662.jpg,data/depths/00000662.png
data/images/00000663.jpg,data/depths/00000663.png
data/images/00000664.jpg,data/depths/00000664.png
data/images/00000665.jpg,data/depths/00000665.png
data/images/00000666.jpg,data/depths/00000666.png
data/images/00000667.jpg,data/depths/00000667.png
data/images/00000668.jpg,data/depths/00000668.png
data/images/00000669.jpg,data/depths/00000669.png
data/images/00000670.jpg,data/depths/00000670.png
data/images/00000671.jpg,data/depths/00000671.png
data/images/00000672.jpg,data/depths/00000672.png
data/images/00000673.jpg,data/depths/00000673.png
data/images/00000674.jpg,data/depths/00000674.png
data/images/00000675.jpg,data/depths/00000675.png
data/images/00000676.jpg,data/depths/00000676.png
data/images/00000677.jpg,data/depths/00000677.png
data/images/00000678.jpg,data/depths/00000678.png
data/images/00000679.jpg,data/depths/00000679.png
data/images/00000680.jpg,data/depths/00000680.png
data/images/00000681.jpg,data/depths/00000681.png
data/images/00000682.jpg,data/depths/00000682.png
data/images/00000683.jpg,data/depths/00000683.png
data/images/00000684.jpg,data/depths/00000684.png
data/images/00000685.jpg,data/depths/00000685.png
data/images/00000686.jpg,data/depths/00000686.png
data/images/00000687.jpg,data/depths/00000687.png
data/images/00000688.jpg,data/depths/00000688.png
data/images/00000689.jpg,data/depths/00000689.png
data/images/00000690.jpg,data/depths/00000690.png
data/images/00000691.jpg,data/depths/00000691.png
data/images/00000692.jpg,data/depths/00000692.png
data/images/00000693.jpg,data/depths/00000693.png
data/images/00000694.jpg,data/depths/00000694.png
data/images/00000695.jpg,data/depths/00000695.png
data/images/00000696.jpg,data/depths/00000696.png
data/images/00000697.jpg,data/depths/00000697.png
data/images/00000698.jpg,data/depths/00000698.png
data/images/00000699.jpg,data/depths/00000699.png
data/images/00000700.jpg,data/depths/00000700.png
data/images/00000701.jpg,data/depths/00000701.png
data/images/00000702.jpg,data/depths/00000702.png
data/images/00000703.jpg,data/depths/00000703.png
data/images/00000704.jpg,data/depths/00000704.png
data/images/00000705.jpg,data/depths/00000705.png
data/images/00000706.jpg,data/depths/00000706.png
data/images/00000707.jpg,data/depths/00000707.png
data/images/00000708.jpg,data/depths/00000708.png
data/images/00000709.jpg,data/depths/00000709.png
data/images/00000710.jpg,data/depths/00000710.png
data/images/00000711.jpg,data/depths/00000711.png
data/images/00000712.jpg,data/depths/00000712.png
data/images/00000713.jpg,data/depths/00000713.png
data/images/00000714.jpg,data/depths/00000714.png
data/images/00000715.jpg,data/depths/00000715.png
data/images/00000716.jpg,data/depths/00000716.png
data/images/00000717.jpg,data/depths/00000717.png
data/images/00000718.jpg,data/depths/00000718.png
data/images/00000719.jpg,data/depths/00000719.png
data/images/00000720.jpg,data/depths/00000720.png
data/images/00000721.jpg,data/depths/00000721.png
data/images/00000722.jpg,data/depths/00000722.png
data/images/00000723.jpg,data/depths/00000723.png
data/images/00000724.jpg,data/depths/00000724.png
data/images/00000725.jpg,data/depths/00000725.png
data/images/00000726.jpg,data/depths/00000726.png
data/images/00000727.jpg,data/depths/00000727.png
data/images/00000728.jpg,data/depths/00000728.png
data/images/00000729.jpg,data/depths/00000729.png
data/images/00000730.jpg,data/depths/00000730.png
data/images/00000731.jpg,data/depths/00000731.png
data/images/00000732.jpg,data/depths/00000732.png
data/images/00000733.jpg,data/depths/00000733.png
data/images/00000734.jpg,data/depths/00000734.png
data/images/00000735.jpg,data/depths/00000735.png
data/images/00000736.jpg,data/depths/00000736.png
data/images/00000737.jpg,data/depths/00000737.png
data/images/00000738.jpg,data/depths/00000738.png
data/images/00000739.jpg,data/depths/00000739.png
data/images/00000740.jpg,data/depths/00000740.png
data/images/00000741.jpg,data/depths/00000741.png
data/images/00000742.jpg,data/depths/00000742.png
data/images/00000743.jpg,data/depths/00000743.png
data/images/00000744.jpg,data/depths/00000744.png
data/images/00000745.jpg,data/depths/00000745.png
data/images/00000746.jpg,data/depths/00000746.png
data/images/00000747.jpg,data/depths/00000747.png
data/images/00000748.jpg,data/depths/00000748.png
data/images/00000749.jpg,data/depths/00000749.png
data/images/00000750.jpg,data/depths/00000750.png
data/images/00000751.jpg,data/depths/00000751.png
data/images/00000752.jpg,data/depths/00000752.png
data/images/00000753.jpg,data/depths/00000753.png
data/images/00000754.jpg,data/depths/00000754.png
data/images/00000755.jpg,data/depths/00000755.png
data/images/00000756.jpg,data/depths/00000756.png
data/images/00000757.jpg,data/depths/00000757.png
data/images/00000758.jpg,data/depths/00000758.png
data/images/00000759.jpg,data/depths/00000759.png
data/images/00000760.jpg,data/depths/00000760.png
data/images/00000761.jpg,data/depths/00000761.png
data/images/00000762.jpg,data/depths/00000762.png
data/images/00000763.jpg,data/depths/00000763.png
data/images/00000764.jpg,data/depths/00000764.png
data/images/00000765.jpg,data/depths/00000765.png
data/images/00000766.jpg,data/depths/00000766.png
data/images/00000767.jpg,data/depths/00000767.png
data/images/00000768.jpg,data/depths/00000768.png
data/images/00000769.jpg,data/depths/00000769.png
data/images/00000770.jpg,data/depths/00000770.png
data/images/00000771.jpg,data/depths/00000771.png
data/images/00000772.jpg,data/depths/00000772.png
data/images/00000773.jpg,data/depths/00000773.png
data/images/00000774.jpg,data/depths/00000774.png
data/images/00000775.jpg,data/depths/00000775.png
data/images/00000776.jpg,data/depths/00000776.png
data/images/00000777.jpg,data/depths/00000777.png
data/images/00000778.jpg,data/depths/00000778.png
data/images/00000779.jpg,data/depths/00000779.png
data/images/00000780.jpg,data/depths/00000780.png
data/images/00000781.jpg,data/depths/00000781.png
data/images/00000782.jpg,data/depths/00000782.png
data/images/00000783.jpg,data/depths/00000783.png
data/images/00000784.jpg,data/depths/00000784.png
data/images/00000785.jpg,data/depths/00000785.png
data/images/00000786.jpg,data/depths/00000786.png
data/images/00000787.jpg,data/depths/00000787.png
data/images/00000788.jpg,data/depths/00000788.png
data/images/00000789.jpg,data/depths/00000789.png
data/images/00000790.jpg,data/depths/00000790.png
data/images/00000791.jpg,data/depths/00000791.png
data/images/00000792.jpg,data/depths/00000792.png
data/images/00000793.jpg,data/depths/00000793.png
data/images/00000794.jpg,data/depths/00000794.png
data/images/00000795.jpg,data/depths/00000795.png
data/images/00000796.jpg,data/depths/00000796.png
data/images/00000797.jpg,data/depths/00000797.png
data/images/00000798.jpg,data/depths/00000798.png
data/images/00000799.jpg,data/depths/00000799.png
data/images/00000800.jpg,data/depths/00000800.png
data/images/00000801.jpg,data/depths/00000801.png
data/images/00000802.jpg,data/depths/00000802.png
data/images/00000803.jpg,data/depths/00000803.png
data/images/00000804.jpg,data/depths/00000804.png
data/images/00000805.jpg,data/depths/00000805.png
data/images/00000806.jpg,data/depths/00000806.png
data/images/00000807.jpg,data/depths/00000807.png
data/images/00000808.jpg,data/depths/00000808.png
data/images/00000809.jpg,data/depths/00000809.png
data/images/00000810.jpg,data/depths/00000810.png
data/images/00000811.jpg,data/depths/00000811.png
data/images/00000812.jpg,data/depths/00000812.png
data/images/00000813.jpg,data/depths/00000813.png
data/images/00000814.jpg,data/depths/00000814.png
data/images/00000815.jpg,data/depths/00000815.png
data/images/00000816.jpg,data/depths/00000816.png
data/images/00000817.jpg,data/depths/00000817.png
data/images/00000818.jpg,data/depths/00000818.png
data/images/00000819.jpg,data/depths/00000819.png
data/images/00000820.jpg,data/depths/00000820.png
data/images/00000821.jpg,data/depths/00000821.png
data/images/00000822.jpg,data/depths/00000822.png
data/images/00000823.jpg,data/depths/00000823.png
data/images/00000824.jpg,data/depths/00000824.png
data/images/00000825.jpg,data/depths/00000825.png
data/images/00000826.jpg,data/depths/00000826.png
data/images/00000827.jpg,data/depths/00000827.png
data/images/00000828.jpg,data/depths/00000828.png
data/images/00000829.jpg,data/depths/00000829.png
data/images/00000830.jpg,data/depths/00000830.png
data/images/00000831.jpg,data/depths/00000831.png
data/images/00000832.jpg,data/depths/00000832.png
data/images/00000833.jpg,data/depths/00000833.png
data/images/00000834.jpg,data/depths/00000834.png
data/images/00000835.jpg,data/depths/00000835.png
data/images/00000836.jpg,data/depths/00000836.png
data/images/00000837.jpg,data/depths/00000837.png
data/images/00000838.jpg,data/depths/00000838.png
data/images/00000839.jpg,data/depths/00000839.png
data/images/00000840.jpg,data/depths/00000840.png
data/images/00000841.jpg,data/depths/00000841.png
data/images/00000842.jpg,data/depths/00000842.png
data/images/00000843.jpg,data/depths/00000843.png
data/images/00000844.jpg,data/depths/00000844.png
data/images/00000845.jpg,data/depths/00000845.png
data/images/00000846.jpg,data/depths/00000846.png
data/images/00000847.jpg,data/depths/00000847.png
data/images/00000848.jpg,data/depths/00000848.png
data/images/00000849.jpg,data/depths/00000849.png
data/images/00000850.jpg,data/depths/00000850.png
data/images/00000851.jpg,data/depths/00000851.png
data/images/00000852.jpg,data/depths/00000852.png
data/images/00000853.jpg,data/depths/00000853.png
data/images/00000854.jpg,data/depths/00000854.png
data/images/00000855.jpg,data/depths/00000855.png
data/images/00000856.jpg,data/depths/00000856.png
data/images/00000857.jpg,data/depths/00000857.png
data/images/00000858.jpg,data/depths/00000858.png
data/images/00000859.jpg,data/depths/00000859.png
data/images/00000860.jpg,data/depths/00000860.png
data/images/00000861.jpg,data/depths/00000861.png
data/images/00000862.jpg,data/depths/00000862.png
data/images/00000863.jpg,data/depths/00000863.png
data/images/00000864.jpg,data/depths/00000864.png
data/images/00000865.jpg,data/depths/00000865.png
data/images/00000866.jpg,data/depths/00000866.png
data/images/00000867.jpg,data/depths/00000867.png
data/images/00000868.jpg,data/depths/00000868.png
data/images/00000869.jpg,data/depths/00000869.png
data/images/00000870.jpg,data/depths/00000870.png
data/images/00000871.jpg,data/depths/00000871.png
data/images/00000872.jpg,data/depths/00000872.png
data/images/00000873.jpg,data/depths/00000873.png
data/images/00000874.jpg,data/depths/00000874.png
data/images/00000875.jpg,data/depths/00000875.png
data/images/00000876.jpg,data/depths/00000876.png
data/images/00000877.jpg,data/depths/00000877.png
data/images/00000878.jpg,data/depths/00000878.png
data/images/00000879.jpg,data/depths/00000879.png
data/images/00000880.jpg,data/depths/00000880.png
data/images/00000881.jpg,data/depths/00000881.png
data/images/00000882.jpg,data/depths/00000882.png
data/images/00000883.jpg,data/depths/00000883.png
data/images/00000884.jpg,data/depths/00000884.png
data/images/00000885.jpg,data/depths/00000885.png
data/images/00000886.jpg,data/depths/00000886.png
data/images/00000887.jpg,data/depths/00000887.png
data/images/00000888.jpg,data/depths/00000888.png
data/images/00000889.jpg,data/depths/00000889.png
data/images/00000890.jpg,data/depths/00000890.png
data/images/00000891.jpg,data/depths/00000891.png
data/images/00000892.jpg,data/depths/00000892.png
data/images/00000893.jpg,data/depths/00000893.png
data/images/00000894.jpg,data/depths/00000894.png
data/images/00000895.jpg,data/depths/00000895.png
data/images/00000896.jpg,data/depths/00000896.png
data/images/00000897.jpg,data/depths/00000897.png
data/images/00000898.jpg,data/depths/00000898.png
data/images/00000899.jpg,data/depths/00000899.png
data/images/00000900.jpg,data/depths/00000900.png
data/images/00000901.jpg,data/depths/00000901.png
data/images/00000902.jpg,data/depths/00000902.png
data/images/00000903.jpg,data/depths/00000903.png
data/images/00000904.jpg,data/depths/00000904.png
data/images/00000905.jpg,data/depths/00000905.png
data/images/00000906.jpg,data/depths/00000906.png
data/images/00000907.jpg,data/depths/00000907.png
data/images/00000908.jpg,data/depths/00000908.png
data/images/00000909.jpg,data/depths/00000909.png
data/images/00000910.jpg,data/depths/00000910.png
data/images/00000911.jpg,data/depths/00000911.png
data/images/00000912.jpg,data/depths/00000912.png
data/images/00000913.jpg,data/depths/00000913.png
data/images/00000914.jpg,data/depths/00000914.png
data/images/00000915.jpg,data/depths/00000915.png
data/images/00000916.jpg,data/depths/00000916.png
data/images/00000917.jpg,data/depths/00000917.png
data/images/00000918.jpg,data/depths/00000918.png
data/images/00000919.jpg,data/depths/00000919.png
data/images/00000920.jpg,data/depths/00000920.png
data/images/00000921.jpg,data/depths/00000921.png
data/images/00000922.jpg,data/depths/00000922.png
data/images/00000923.jpg,data/depths/00000923.png
data/images/00000924.jpg,data/depths/00000924.png
data/images/00000925.jpg,data/depths/00000925.png
data/images/00000926.jpg,data/depths/00000926.png
data/images/00000927.jpg,data/depths/00000927.png
data/images/00000928.jpg,data/depths/00000928.png
data/images/00000929.jpg,data/depths/00000929.png
data/images/00000930.jpg,data/depths/00000930.png
data/images/00000931.jpg,data/depths/00000931.png
data/images/00000932.jpg,data/depths/00000932.png
data/images/00000933.jpg,data/depths/00000933.png
data/images/00000934.jpg,data/depths/00000934.png
data/images/00000935.jpg,data/depths/00000935.png
data/images/00000936.jpg,data/depths/00000936.png
data/images/00000937.jpg,data/depths/00000937.png
data/images/00000938.jpg,data/depths/00000938.png
data/images/00000939.jpg,data/depths/00000939.png
data/images/00000940.jpg,data/depths/00000940.png
data/images/00000941.jpg,data/depths/00000941.png
data/images/00000942.jpg,data/depths/00000942.png
data/images/00000943.jpg,data/depths/00000943.png
data/images/00000944.jpg,data/depths/00000944.png
data/images/00000945.jpg,data/depths/00000945.png
data/images/00000946.jpg,data/depths/00000946.png
data/images/00000947.jpg,data/depths/00000947.png
data/images/00000948.jpg,data/depths/00000948.png
data/images/00000949.jpg,data/depths/00000949.png
data/images/00000950.jpg,data/depths/00000950.png
data/images/00000951.jpg,data/depths/00000951.png
data/images/00000952.jpg,data/depths/00000952.png
data/images/00000953.jpg,data/depths/00000953.png
data/images/00000954.jpg,data/depths/00000954.png
data/images/00000955.jpg,data/depths/00000955.png
data/images/00000956.jpg,data/depths/00000956.png
data/images/00000957.jpg,data/depths/00000957.png
data/images/00000958.jpg,data/depths/00000958.png
data/images/00000959.jpg,data/depths/00000959.png
data/images/00000960.jpg,data/depths/00000960.png
data/images/00000961.jpg,data/depths/00000961.png
data/images/00000962.jpg,data/depths/00000962.png
data/images/00000963.jpg,data/depths/00000963.png
data/images/00000964.jpg,data/depths/00000964.png
data/images/00000965.jpg,data/depths/00000965.png
data/images/00000966.jpg,data/depths/00000966.png
data/images/00000967.jpg,data/depths/00000967.png
data/images/00000968.jpg,data/depths/00000968.png
data/images/00000969.jpg,data/depths/00000969.png
data/images/00000970.jpg,data/depths/00000970.png
data/images/00000971.jpg,data/depths/00000971.png
data/images/00000972.jpg,data/depths/00000972.png
data/images/00000973.jpg,data/depths/00000973.png
data/images/00000974.jpg,data/depths/00000974.png
data/images/00000975.jpg,data/depths/00000975.png
data/images/00000976.jpg,data/depths/00000976.png
data/images/00000977.jpg,data/depths/00000977.png
data/images/00000978.jpg,data/depths/00000978.png
data/images/00000979.jpg,data/depths/00000979.png
data/images/00000980.jpg,data/depths/00000980.png
data/images/00000981.jpg,data/depths/00000981.png
data/images/00000982.jpg,data/depths/00000982.png
data/images/00000983.jpg,data/depths/00000983.png
data/images/00000984.jpg,data/depths/00000984.png
data/images/00000985.jpg,data/depths/00000985.png
data/images/00000986.jpg,data/depths/00000986.png
data/images/00000987.jpg,data/depths/00000987.png
data/images/00000988.jpg,data/depths/00000988.png
data/images/00000989.jpg,data/depths/00000989.png
data/images/00000990.jpg,data/depths/00000990.png
data/images/00000991.jpg,data/depths/00000991.png
data/images/00000992.jpg,data/depths/00000992.png
data/images/00000993.jpg,data/depths/00000993.png
data/images/00000994.jpg,data/depths/00000994.png
data/images/00000995.jpg,data/depths/00000995.png
data/images/00000996.jpg,data/depths/00000996.png
data/images/00000997.jpg,data/depths/00000997.png
data/images/00000998.jpg,data/depths/00000998.png
data/images/00000999.jpg,data/depths/00000999.png
data/images/00001000.jpg,data/depths/00001000.png
data/images/00001001.jpg,data/depths/00001001.png
data/images/00001002.jpg,data/depths/00001002.png
data/images/00001003.jpg,data/depths/00001003.png
data/images/00001004.jpg,data/depths/00001004.png
data/images/00001005.jpg,data/depths/00001005.png
data/images/00001006.jpg,data/depths/00001006.png
data/images/00001007.jpg,data/depths/00001007.png
data/images/00001008.jpg,data/depths/00001008.png
data/images/00001009.jpg,data/depths/00001009.png
data/images/00001010.jpg,data/depths/00001010.png
data/images/00001011.jpg,data/depths/00001011.png
data/images/00001012.jpg,data/depths/00001012.png
data/images/00001013.jpg,data/depths/00001013.png
data/images/00001014.jpg,data/depths/00001014.png
data/images/00001015.jpg,data/depths/00001015.png
data/images/00001016.jpg,data/depths/00001016.png
data/images/00001017.jpg,data/depths/00001017.png
data/images/00001018.jpg,data/depths/00001018.png
data/images/00001019.jpg,data/depths/00001019.png
data/images/00001020.jpg,data/depths/00001020.png
data/images/00001021.jpg,data/depths/00001021.png
data/images/00001022.jpg,data/depths/00001022.png
data/images/00001023.jpg,data/depths/00001023.png
data/images/00001024.jpg,data/depths/00001024.png
data/images/00001025.jpg,data/depths/00001025.png
data/images/00001026.jpg,data/depths/00001026.png
data/images/00001027.jpg,data/depths/00001027.png
data/images/00001028.jpg,data/depths/00001028.png
data/images/00001029.jpg,data/depths/00001029.png
data/images/00001030.jpg,data/depths/00001030.png
data/images/00001031.jpg,data/depths/00001031.png
data/images/00001032.jpg,data/depths/00001032.png
data/images/00001033.jpg,data/depths/00001033.png
data/images/00001034.jpg,data/depths/00001034.png
data/images/00001035.jpg,data/depths/00001035.png
data/images/00001036.jpg,data/depths/00001036.png
data/images/00001037.jpg,data/depths/00001037.png
data/images/00001038.jpg,data/depths/00001038.png
data/images/00001039.jpg,data/depths/00001039.png
data/images/00001040.jpg,data/depths/00001040.png
data/images/00001041.jpg,data/depths/00001041.png
data/images/00001042.jpg,data/depths/00001042.png
data/images/00001043.jpg,data/depths/00001043.png
data/images/00001044.jpg,data/depths/00001044.png
data/images/00001045.jpg,data/depths/00001045.png
data/images/00001046.jpg,data/depths/00001046.png
data/images/00001047.jpg,data/depths/00001047.png
data/images/00001048.jpg,data/depths/00001048.png
data/images/00001049.jpg,data/depths/00001049.png
data/images/00001050.jpg,data/depths/00001050.png
data/images/00001051.jpg,data/depths/00001051.png
data/images/00001052.jpg,data/depths/00001052.png
data/images/00001053.jpg,data/depths/00001053.png
data/images/00001054.jpg,data/depths/00001054.png
data/images/00001055.jpg,data/depths/00001055.png
data/images/00001056.jpg,data/depths/00001056.png
data/images/00001057.jpg,data/depths/00001057.png
data/images/00001058.jpg,data/depths/00001058.png
data/images/00001059.jpg,data/depths/00001059.png
data/images/00001060.jpg,data/depths/00001060.png
data/images/00001061.jpg,data/depths/00001061.png
data/images/00001062.jpg,data/depths/00001062.png
data/images/00001063.jpg,data/depths/00001063.png
data/images/00001064.jpg,data/depths/00001064.png
data/images/00001065.jpg,data/depths/00001065.png
data/images/00001066.jpg,data/depths/00001066.png
data/images/00001067.jpg,data/depths/00001067.png
data/images/00001068.jpg,data/depths/00001068.png
data/images/00001069.jpg,data/depths/00001069.png
data/images/00001070.jpg,data/depths/00001070.png
data/images/00001071.jpg,data/depths/00001071.png
data/images/00001072.jpg,data/depths/00001072.png
data/images/00001073.jpg,data/depths/00001073.png
data/images/00001074.jpg,data/depths/00001074.png
data/images/00001075.jpg,data/depths/00001075.png
data/images/00001076.jpg,data/depths/00001076.png
data/images/00001077.jpg,data/depths/00001077.png
data/images/00001078.jpg,data/depths/00001078.png
data/images/00001079.jpg,data/depths/00001079.png
data/images/00001080.jpg,data/depths/00001080.png
data/images/00001081.jpg,data/depths/00001081.png
data/images/00001082.jpg,data/depths/00001082.png
data/images/00001083.jpg,data/depths/00001083.png
data/images/00001084.jpg,data/depths/00001084.png
data/images/00001085.jpg,data/depths/00001085.png
data/images/00001086.jpg,data/depths/00001086.png
data/images/00001087.jpg,data/depths/00001087.png
data/images/00001088.jpg,data/depths/00001088.png
data/images/00001089.jpg,data/depths/00001089.png
data/images/00001090.jpg,data/depths/00001090.png
data/images/00001091.jpg,data/depths/00001091.png
data/images/00001092.jpg,data/depths/00001092.png
data/images/00001093.jpg,data/depths/00001093.png
data/images/00001094.jpg,data/depths/00001094.png
data/images/00001095.jpg,data/depths/00001095.png
data/images/00001096.jpg,data/depths/00001096.png
data/images/00001097.jpg,data/depths/00001097.png
data/images/00001098.jpg,data/depths/00001098.png
data/images/00001099.jpg,data/depths/00001099.png
data/images/00001100.jpg,data/depths/00001100.png
data/images/00001101.jpg,data/depths/00001101.png
data/images/00001102.jpg,data/depths/00001102.png
data/images/00001103.jpg,data/depths/00001103.png
data/images/00001104.jpg,data/depths/00001104.png
data/images/00001105.jpg,data/depths/00001105.png
data/images/00001106.jpg,data/depths/00001106.png
data/images/00001107.jpg,data/depths/00001107.png
data/images/00001108.jpg,data/depths/00001108.png
data/images/00001109.jpg,data/depths/00001109.png
data/images/00001110.jpg,data/depths/00001110.png
data/images/00001111.jpg,data/depths/00001111.png
data/images/00001112.jpg,data/depths/00001112.png
data/images/00001113.jpg,data/depths/00001113.png
data/images/00001114.jpg,data/depths/00001114.png
data/images/00001115.jpg,data/depths/00001115.png
data/images/00001116.jpg,data/depths/00001116.png
data/images/00001117.jpg,data/depths/00001117.png
data/images/00001118.jpg,data/depths/00001118.png
data/images/00001119.jpg,data/depths/00001119.png
data/images/00001120.jpg,data/depths/00001120.png
data/images/00001121.jpg,data/depths/00001121.png
data/images/00001122.jpg,data/depths/00001122.png
data/images/00001123.jpg,data/depths/00001123.png
data/images/00001124.jpg,data/depths/00001124.png
data/images/00001125.jpg,data/depths/00001125.png
data/images/00001126.jpg,data/depths/00001126.png
data/images/00001127.jpg,data/depths/00001127.png
data/images/00001128.jpg,data/depths/00001128.png
data/images/00001129.jpg,data/depths/00001129.png
data/images/00001130.jpg,data/depths/00001130.png
data/images/00001131.jpg,data/depths/00001131.png
data/images/00001132.jpg,data/depths/00001132.png
data/images/00001133.jpg,data/depths/00001133.png
data/images/00001134.jpg,data/depths/00001134.png
data/images/00001135.jpg,data/depths/00001135.png
data/images/00001136.jpg,data/depths/00001136.png
data/images/00001137.jpg,data/depths/00001137.png
data/images/00001138.jpg,data/depths/00001138.png
data/images/00001139.jpg,data/depths/00001139.png
data/images/00001140.jpg,data/depths/00001140.png
data/images/00001141.jpg,data/depths/00001141.png
data/images/00001142.jpg,data/depths/00001142.png
data/images/00001143.jpg,data/depths/00001143.png
data/images/00001144.jpg,data/depths/00001144.png
data/images/00001145.jpg,data/depths/00001145.png
data/images/00001146.jpg,data/depths/00001146.png
data/images/00001147.jpg,data/depths/00001147.png
data/images/00001148.jpg,data/depths/00001148.png
data/images/00001149.jpg,data/depths/00001149.png
data/images/00001150.jpg,data/depths/00001150.png
data/images/00001151.jpg,data/depths/00001151.png
data/images/00001152.jpg,data/depths/00001152.png
data/images/00001153.jpg,data/depths/00001153.png
data/images/00001154.jpg,data/depths/00001154.png
data/images/00001155.jpg,data/depths/00001155.png
data/images/00001156.jpg,data/depths/00001156.png
data/images/00001157.jpg,data/depths/00001157.png
data/images/00001158.jpg,data/depths/00001158.png
data/images/00001159.jpg,data/depths/00001159.png
data/images/00001160.jpg,data/depths/00001160.png
data/images/00001161.jpg,data/depths/00001161.png
data/images/00001162.jpg,data/depths/00001162.png
data/images/00001163.jpg,data/depths/00001163.png
data/images/00001164.jpg,data/depths/00001164.png
data/images/00001165.jpg,data/depths/00001165.png
data/images/00001166.jpg,data/depths/00001166.png
data/images/00001167.jpg,data/depths/00001167.png
data/images/00001168.jpg,data/depths/00001168.png
data/images/00001169.jpg,data/depths/00001169.png
data/images/00001170.jpg,data/depths/00001170.png
data/images/00001171.jpg,data/depths/00001171.png
data/images/00001172.jpg,data/depths/00001172.png
data/images/00001173.jpg,data/depths/00001173.png
data/images/00001174.jpg,data/depths/00001174.png
data/images/00001175.jpg,data/depths/00001175.png
data/images/00001176.jpg,data/depths/00001176.png
data/images/00001177.jpg,data/depths/00001177.png
data/images/00001178.jpg,data/depths/00001178.png
data/images/00001179.jpg,data/depths/00001179.png
data/images/00001180.jpg,data/depths/00001180.png
data/images/00001181.jpg,data/depths/00001181.png
data/images/00001182.jpg,data/depths/00001182.png
data/images/00001183.jpg,data/depths/00001183.png
data/images/00001184.jpg,data/depths/00001184.png
data/images/00001185.jpg,data/depths/00001185.png
data/images/00001186.jpg,data/depths/00001186.png
data/images/00001187.jpg,data/depths/00001187.png
data/images/00001188.jpg,data/depths/00001188.png
data/images/00001189.jpg,data/depths/00001189.png
data/images/00001190.jpg,data/depths/00001190.png
data/images/00001191.jpg,data/depths/00001191.png
data/images/00001192.jpg,data/depths/00001192.png
data/images/00001193.jpg,data/depths/00001193.png
data/images/00001194.jpg,data/depths/00001194.png
data/images/00001195.jpg,data/depths/00001195.png
data/images/00001196.jpg,data/depths/00001196.png
data/images/00001197.jpg,data/depths/00001197.png
data/images/00001198.jpg,data/depths/00001198.png
data/images/00001199.jpg,data/depths/00001199.png
data/images/00001200.jpg,data/depths/00001200.png
data/images/00001201.jpg,data/depths/00001201.png
data/images/00001202.jpg,data/depths/00001202.png
data/images/00001203.jpg,data/depths/00001203.png
data/images/00001204.jpg,data/depths/00001204.png
data/images/00001205.jpg,data/depths/00001205.png
data/images/00001206.jpg,data/depths/00001206.png
data/images/00001207.jpg,data/depths/00001207.png
data/images/00001208.jpg,data/depths/00001208.png
data/images/00001209.jpg,data/depths/00001209.png
data/images/00001210.jpg,data/depths/00001210.png
data/images/00001211.jpg,data/depths/00001211.png
data/images/00001212.jpg,data/depths/00001212.png
data/images/00001213.jpg,data/depths/00001213.png
data/images/00001214.jpg,data/depths/00001214.png
data/images/00001215.jpg,data/depths/00001215.png
data/images/00001216.jpg,data/depths/00001216.png
data/images/00001217.jpg,data/depths/00001217.png
data/images/00001218.jpg,data/depths/00001218.png
data/images/00001219.jpg,data/depths/00001219.png
data/images/00001220.jpg,data/depths/00001220.png
data/images/00001221.jpg,data/depths/00001221.png
data/images/00001222.jpg,data/depths/00001222.png
data/images/00001223.jpg,data/depths/00001223.png
data/images/00001224.jpg,data/depths/00001224.png
data/images/00001225.jpg,data/depths/00001225.png
data/images/00001226.jpg,data/depths/00001226.png
data/images/00001227.jpg,data/depths/00001227.png
data/images/00001228.jpg,data/depths/00001228.png
data/images/00001229.jpg,data/depths/00001229.png
data/images/00001230.jpg,data/depths/00001230.png
data/images/00001231.jpg,data/depths/00001231.png
data/images/00001232.jpg,data/depths/00001232.png
data/images/00001233.jpg,data/depths/00001233.png
data/images/00001234.jpg,data/depths/00001234.png
data/images/00001235.jpg,data/depths/00001235.png
data/images/00001236.jpg,data/depths/00001236.png
data/images/00001237.jpg,data/depths/00001237.png
data/images/00001238.jpg,data/depths/00001238.png
data/images/00001239.jpg,data/depths/00001239.png
data/images/00001240.jpg,data/depths/00001240.png
data/images/00001241.jpg,data/depths/00001241.png
data/images/00001242.jpg,data/depths/00001242.png
data/images/00001243.jpg,data/depths/00001243.png
data/images/00001244.jpg,data/depths/00001244.png
data/images/00001245.jpg,data/depths/00001245.png
data/images/00001246.jpg,data/depths/00001246.png
data/images/00001247.jpg,data/depths/00001247.png
data/images/00001248.jpg,data/depths/00001248.png
data/images/00001249.jpg,data/depths/00001249.png
data/images/00001250.jpg,data/depths/00001250.png
data/images/00001251.jpg,data/depths/00001251.png
data/images/00001252.jpg,data/depths/00001252.png
data/images/00001253.jpg,data/depths/00001253.png
data/images/00001254.jpg,data/depths/00001254.png
data/images/00001255.jpg,data/depths/00001255.png
data/images/00001256.jpg,data/depths/00001256.png
data/images/00001257.jpg,data/depths/00001257.png
data/images/00001258.jpg,data/depths/00001258.png
data/images/00001259.jpg,data/depths/00001259.png
data/images/00001260.jpg,data/depths/00001260.png
data/images/00001261.jpg,data/depths/00001261.png
data/images/00001262.jpg,data/depths/00001262.png
data/images/00001263.jpg,data/depths/00001263.png
data/images/00001264.jpg,data/depths/00001264.png
data/images/00001265.jpg,data/depths/00001265.png
data/images/00001266.jpg,data/depths/00001266.png
data/images/00001267.jpg,data/depths/00001267.png
data/images/00001268.jpg,data/depths/00001268.png
data/images/00001269.jpg,data/depths/00001269.png
data/images/00001270.jpg,data/depths/00001270.png
data/images/00001271.jpg,data/depths/00001271.png
data/images/00001272.jpg,data/depths/00001272.png
data/images/00001273.jpg,data/depths/00001273.png
data/images/00001274.jpg,data/depths/00001274.png
data/images/00001275.jpg,data/depths/00001275.png
data/images/00001276.jpg,data/depths/00001276.png
data/images/00001277.jpg,data/depths/00001277.png
data/images/00001278.jpg,data/depths/00001278.png
data/images/00001279.jpg,data/depths/00001279.png
data/images/00001280.jpg,data/depths/00001280.png
data/images/00001281.jpg,data/depths/00001281.png
data/images/00001282.jpg,data/depths/00001282.png
data/images/00001283.jpg,data/depths/00001283.png
data/images/00001284.jpg,data/depths/00001284.png
data/images/00001285.jpg,data/depths/00001285.png
data/images/00001286.jpg,data/depths/00001286.png
data/images/00001287.jpg,data/depths/00001287.png
data/images/00001288.jpg,data/depths/00001288.png
data/images/00001289.jpg,data/depths/00001289.png
data/images/00001290.jpg,data/depths/00001290.png
data/images/00001291.jpg,data/depths/00001291.png
data/images/00001292.jpg,data/depths/00001292.png
data/images/00001293.jpg,data/depths/00001293.png
data/images/00001294.jpg,data/depths/00001294.png
data/images/00001295.jpg,data/depths/00001295.png
data/images/00001296.jpg,data/depths/00001296.png
data/images/00001297.jpg,data/depths/00001297.png
data/images/00001298.jpg,data/depths/00001298.png
data/images/00001299.jpg,data/depths/00001299.png
data/images/00001300.jpg,data/depths/00001300.png
data/images/00001301.jpg,data/depths/00001301.png
data/images/00001302.jpg,data/depths/00001302.png
data/images/00001303.jpg,data/depths/00001303.png
data/images/00001304.jpg,data/depths/00001304.png
data/images/00001305.jpg,data/depths/00001305.png
data/images/00001306.jpg,data/depths/00001306.png
data/images/00001307.jpg,data/depths/00001307.png
data/images/00001308.jpg,data/depths/00001308.png
data/images/00001309.jpg,data/depths/00001309.png
data/images/00001310.jpg,data/depths/00001310.png
data/images/00001311.jpg,data/depths/00001311.png
data/images/00001312.jpg,data/depths/00001312.png
data/images/00001313.jpg,data/depths/00001313.png
data/images/00001314.jpg,data/depths/00001314.png
data/images/00001315.jpg,data/depths/00001315.png
data/images/00001316.jpg,data/depths/00001316.png
data/images/00001317.jpg,data/depths/00001317.png
data/images/00001318.jpg,data/depths/00001318.png
data/images/00001319.jpg,data/depths/00001319.png
data/images/00001320.jpg,data/depths/00001320.png
data/images/00001321.jpg,data/depths/00001321.png
data/images/00001322.jpg,data/depths/00001322.png
data/images/00001323.jpg,data/depths/00001323.png
data/images/00001324.jpg,data/depths/00001324.png
data/images/00001325.jpg,data/depths/00001325.png
data/images/00001326.jpg,data/depths/00001326.png
data/images/00001327.jpg,data/depths/00001327.png
data/images/00001328.jpg,data/depths/00001328.png
data/images/00001329.jpg,data/depths/00001329.png
data/images/00001330.jpg,data/depths/00001330.png
data/images/00001331.jpg,data/depths/00001331.png
data/images/00001332.jpg,data/depths/00001332.png
data/images/00001333.jpg,data/depths/00001333.png
data/images/00001334.jpg,data/depths/00001334.png
data/images/00001335.jpg,data/depths/00001335.png
data/images/00001336.jpg,data/depths/00001336.png
data/images/00001337.jpg,data/depths/00001337.png
data/images/00001338.jpg,data/depths/00001338.png
data/images/00001339.jpg,data/depths/00001339.png
data/images/00001340.jpg,data/depths/00001340.png
data/images/00001341.jpg,data/depths/00001341.png
data/images/00001342.jpg,data/depths/00001342.png
data/images/00001343.jpg,data/depths/00001343.png
data/images/00001344.jpg,data/depths/00001344.png
data/images/00001345.jpg,data/depths/00001345.png
data/images/00001346.jpg,data/depths/00001346.png
data/images/00001347.jpg,data/depths/00001347.png
data/images/00001348.jpg,data/depths/00001348.png
data/images/00001349.jpg,data/depths/00001349.png
data/images/00001350.jpg,data/depths/00001350.png
data/images/00001351.jpg,data/depths/00001351.png
data/images/00001352.jpg,data/depths/00001352.png
data/images/00001353.jpg,data/depths/00001353.png
data/images/00001354.jpg,data/depths/00001354.png
data/images/00001355.jpg,data/depths/00001355.png
data/images/00001356.jpg,data/depths/00001356.png
data/images/00001357.jpg,data/depths/00001357.png
data/images/00001358.jpg,data/depths/00001358.png
data/images/00001359.jpg,data/depths/00001359.png
data/images/00001360.jpg,data/depths/00001360.png
data/images/00001361.jpg,data/depths/00001361.png
data/images/00001362.jpg,data/depths/00001362.png
data/images/00001363.jpg,data/depths/00001363.png
data/images/00001364.jpg,data/depths/00001364.png
data/images/00001365.jpg,data/depths/00001365.png
data/images/00001366.jpg,data/depths/00001366.png
data/images/00001367.jpg,data/depths/00001367.png
data/images/00001368.jpg,data/depths/00001368.png
data/images/00001369.jpg,data/depths/00001369.png
data/images/00001370.jpg,data/depths/00001370.png
data/images/00001371.jpg,data/depths/00001371.png
data/images/00001372.jpg,data/depths/00001372.png
data/images/00001373.jpg,data/depths/00001373.png
data/images/00001374.jpg,data/depths/00001374.png
data/images/00001375.jpg,data/depths/00001375.png
data/images/00001376.jpg,data/depths/00001376.png
data/images/00001377.jpg,data/depths/00001377.png
data/images/00001378.jpg,data/depths/00001378.png
data/images/00001379.jpg,data/depths/00001379.png
data/images/00001380.jpg,data/depths/00001380.png
data/images/00001381.jpg,data/depths/00001381.png
data/images/00001382.jpg,data/depths/00001382.png
data/images/00001383.jpg,data/depths/00001383.png
data/images/00001384.jpg,data/depths/00001384.png
data/images/00001385.jpg,data/depths/00001385.png
data/images/00001386.jpg,data/depths/00001386.png
data/images/00001387.jpg,data/depths/00001387.png
data/images/00001388.jpg,data/depths/00001388.png
data/images/00001389.jpg,data/depths/00001389.png
data/images/00001390.jpg,data/depths/00001390.png
data/images/00001391.jpg,data/depths/00001391.png
data/images/00001392.jpg,data/depths/00001392.png
data/images/00001393.jpg,data/depths/00001393.png
data/images/00001394.jpg,data/depths/00001394.png
data/images/00001395.jpg,data/depths/00001395.png
data/images/00001396.jpg,data/depths/00001396.png
data/images/00001397.jpg,data/depths/00001397.png
data/images/00001398.jpg,data/depths/00001398.png
data/images/00001399.jpg,data/depths/00001399.png
data/images/00001400.jpg,data/depths/00001400.png
data/images/00001401.jpg,data/depths/00001401.png
data/images/00001402.jpg,data/depths/00001402.png
data/images/00001403.jpg,data/depths/00001403.png
data/images/00001404.jpg,data/depths/00001404.png
data/images/00001405.jpg,data/depths/00001405.png
data/images/00001406.jpg,data/depths/00001406.png
data/images/00001407.jpg,data/depths/00001407.png
data/images/00001408.jpg,data/depths/00001408.png
data/images/00001409.jpg,data/depths/00001409.png
data/images/00001410.jpg,data/depths/00001410.png
data/images/00001411.jpg,data/depths/00001411.png
data/images/00001412.jpg,data/depths/00001412.png
data/images/00001413.jpg,data/depths/00001413.png
data/images/00001414.jpg,data/depths/00001414.png
data/images/00001415.jpg,data/depths/00001415.png
data/images/00001416.jpg,data/depths/00001416.png
data/images/00001417.jpg,data/depths/00001417.png
data/images/00001418.jpg,data/depths/00001418.png
data/images/00001419.jpg,data/depths/00001419.png
data/images/00001420.jpg,data/depths/00001420.png
data/images/00001421.jpg,data/depths/00001421.png
data/images/00001422.jpg,data/depths/00001422.png
data/images/00001423.jpg,data/depths/00001423.png
data/images/00001424.jpg,data/depths/00001424.png
data/images/00001425.jpg,data/depths/00001425.png
data/images/00001426.jpg,data/depths/00001426.png
data/images/00001427.jpg,data/depths/00001427.png
data/images/00001428.jpg,data/depths/00001428.png
data/images/00001429.jpg,data/depths/00001429.png
data/images/00001430.jpg,data/depths/00001430.png
data/images/00001431.jpg,data/depths/00001431.png
data/images/00001432.jpg,data/depths/00001432.png
data/images/00001433.jpg,data/depths/00001433.png
data/images/00001434.jpg,data/depths/00001434.png
data/images/00001435.jpg,data/depths/00001435.png
data/images/00001436.jpg,data/depths/00001436.png
data/images/00001437.jpg,data/depths/00001437.png
data/images/00001438.jpg,data/depths/00001438.png
data/images/00001439.jpg,data/depths/00001439.png
data/images/00001440.jpg,data/depths/00001440.png
data/images/00001441.jpg,data/depths/00001441.png
data/images/00001442.jpg,data/depths/00001442.png
data/images/00001443.jpg,data/depths/00001443.png
data/images/00001444.jpg,data/depths/00001444.png
data/images/00001445.jpg,data/depths/00001445.png
data/images/00001446.jpg,data/depths/00001446.png
data/images/00001447.jpg,data/depths/00001447.png
data/images/00001448.jpg,data/depths/00001448.png
data/images/00001449.jpg,data/depths/00001449.png
